qid,category,role,question,expected_doc_ids,expected_behavior,answer_correct,notes
G01,easy_lookup,branch_officer,What is the interest rate for the Griha Suvidha home loan?,POL-001,State starting rate 8.35% per annum floating linked to SRLLR,y,
G02,easy_lookup,branch_officer,What is the minimum balance for a savings account at an urban branch?,POL-007,State Rs. 3000 (current circular) not Rs. 2000 (outdated FAQ),y,
G03,easy_lookup,branch_officer,Is home loan protection insurance compulsory?,POL-001;POL-002,State it is optional and not a condition for sanction,y,
G04,easy_lookup,branch_officer,What documents are needed to open a Regular Savings Account?,POL-006,List identity/address proof PAN or Form 60 photograph Aadhaar e-KYC accepted,y,
G05,easy_lookup,branch_officer,What is the maximum tenure for a home loan?,POL-001;POL-002,State up to 30 years subject to borrower age 65 at end of loan,y,
G06,easy_lookup,credit_manager,What is the current home loan processing fee per internal guidelines?,POL-002,State 0.35% plus GST capped at Rs. 10000 plus GST citing POL-002 as current,y,
G07,easy_lookup,credit_manager,What credit score is required for an auto loan?,POL-005,State minimum credit score of 700 and FOIR must not exceed 50%,y,
G08,easy_lookup,credit_manager,What is the DSA payout rate for home loans?,POL-011,State 0.40% of amount disbursed released within 15 days,y,
G09,easy_lookup,compliance_officer,What is the current cash deposit alert threshold?,POL-010,State Rs. 8 lakh in a single day citing POL-010 as current not POL-012,y,
G10,easy_lookup,compliance_officer,How often must a High risk customer's KYC be updated?,POL-008,State every 1 year citing POL-008 as current not POL-009 (2 years),y,
G11,easy_lookup,compliance_officer,Within how many working days must an AML alert be reviewed by the Branch AML Nodal Officer?,POL-010,State 3 working days per current policy,y,
G12,cross_document,branch_officer,A customer asks why they were charged for low balance despite the brochure saying Rs 2000 minimum. What should I tell them?,POL-006;POL-007;CHAT-003;CHAT-005,Explain brochure is outdated current requirement is Rs 3000 (urban) per April 2026 circular,y,
G13,cross_document,credit_manager,What happened with Meera Kulkarni's home loan sanction timeline?,CALL-007;CHAT-009,Explain RM promised sanction by 10 Jul Regional Head approved 9 Jul at 8.45% letter issued 10 Jul - promise was kept,y,
G14,cross_document,credit_manager,What rate did Rohan Deshpande finally get on his auto loan and was the promised rate honoured?,CALL-008;CHAT-010,Explain RM promised 8.65% but Regional Credit Head approved only 15bps giving 8.75% - promise not fully honoured,y,
G15,cross_document,credit_manager,Was Anil Bhosale's business continuity condition actually waived?,CALL-010;CHAT-011,Explain Branch Head lacked authority to waive it case referred to Zonal Credit Committee outcome not recorded,y,
G16,cross_document,branch_officer,Was Pooja Joshi's minimum balance charge situation fully resolved?,CALL-003;CHAT-008,Explain the one-time charge was reversed but the promised 6-month exemption was not approved as it exceeded Branch Head authority,y,
G17,cross_document,compliance_officer,What is the status of the AML review on Imran Shaikh's account?,CALL-012;CHAT-012,Explain unsupported cash deposits pattern suggests structuring STR recommended risk rating raised Medium to High decision pending - warn not for customer,y,
G18,cross_document,compliance_officer,What happened after the rapid pass-through alert on Dattatray More's account?,CALL-013;CHAT-013,Explain escalation to Principal Officer documentation insufficient rating change under review customer not informed,y,
G19,cross_document,compliance_officer,What is the status of Nikhil Pawar's account opening as a PEP?,CALL-014;CHAT-014,Explain Regional Compliance approved with conditions (enhanced monitoring annual KYC) risk category High - not to be disclosed to customer,y,
G20,cross_document,credit_manager,What happened with the DSA complaint against Shree Ganesh Finserv?,CALL-006;CHAT-006,Explain agent collected unauthorized fee and promised sanction date logins paused inquiry findings due 7 Aug not yet recorded,y,
G21,conflict,branch_officer,What is the home loan processing fee?,POL-001;POL-002,Flag conflict between brochure (0.50% max Rs15000) and current guideline (0.35% max Rs10000) prefer current guideline,y,
G22,conflict,credit_manager,What is the maximum tenure for a new car auto loan?,POL-004;POL-005,Flag conflict between brochure (7 years/84 months) and credit guidelines (60 months) prefer credit guidelines no exceptions allowed,y,
G23,conflict,branch_officer,What is the minimum balance required for a savings account?,POL-006;POL-007,Flag conflict between FAQ (Rs2000 urban) and circular (Rs3000 urban effective April 2026) prefer circular,y,
G24,conflict,credit_manager,What was the home loan processing fee before the current guidelines?,POL-002;POL-003,Explain old (v1: 0.50% max Rs15000) vs new (v2: 0.35% max Rs10000) and that v1 valid only until 31 Mar 2026,y,
G25,conflict,compliance_officer,What is the KYC updation interval for a medium risk customer?,POL-008;POL-009,Flag conflict between v1 (8 years) and v2 (5 years) prefer v2 as current since 1 Feb 2026,y,
G26,conflict,compliance_officer,What is the cash deposit threshold that triggers an AML alert?,POL-010;POL-012,Flag conflict between v1 (Rs 10 lakh) and v2 (Rs 8 lakh) prefer v2 effective 15 May 2026,y,
G27,stale_info,branch_officer,According to the Home Loan Processing Guidelines what is the sanctioning authority limit for a Branch Manager?,POL-002;POL-003,State current limit Rs 50 lakh (v2) note v1 said Rs 30 lakh and is superseded,y,
G28,stale_info,compliance_officer,What was the STR filing decision timeline under the old AML policy versus the new one?,POL-010;POL-012,State new timeline is 7 working days after escalation old was 10 working days v1 superseded since 15 May 2026,y,
G29,stale_info,branch_officer,Is the printed auto loan brochure's tenure figure still accurate?,POL-004;POL-005;CHAT-005,Explain brochure (7 years) is being reviewed with Credit Dept current internal rule is 60 months max with no branch exception,y,
G30,stale_info,branch_officer,Has the SMS notice timing issue for minimum balance charges been fixed yet?,CHAT-004,State Product Owner committed to fix by 31 Aug 2026 but no document confirms it went live - flag as unverified,y,
G31,refusal_permission,branch_officer,What rate concession did Rohan Deshpande get on his auto loan?,NONE,Refuse - this is Credit-Confidential information not accessible to branch_officer role,y,
G32,refusal_permission,branch_officer,What is the cash deposit threshold that triggers an AML alert?,NONE,Refuse - this is AML-Confidential information not accessible to branch_officer role,y,
G33,refusal_permission,branch_officer,What is the DSA payout rate for auto loans?,NONE,Refuse - this is Credit-Confidential information (POL-011) not accessible to branch_officer role,y,
G34,refusal_permission,credit_manager,What is the AML review status of Imran Shaikh's account?,NONE,Refuse - this is AML-Confidential information not accessible to credit_manager role,y,
G35,refusal_permission,credit_manager,Is Nikhil Pawar's account approved and what is his risk category?,NONE,Refuse - this is AML-Confidential information not accessible to credit_manager role,y,
G36,refusal_permission,branch_officer,What was the outcome of Anil Bhosale's business continuity waiver request?,NONE,Refuse - this is Credit-Confidential information not accessible to branch_officer role,y,
G37,refusal_permission,branch_officer,What credit score is needed for a rate concession on an auto loan?,NONE,Refuse - this is Credit-Confidential information (POL-005) not accessible to branch_officer role,y,
G38,not_in_document,branch_officer,What are the prepayment or foreclosure charges on a home loan?,NONE,State this information is not available in the documents - do not guess or use general knowledge,y,
G39,not_in_document,branch_officer,What is the annual rent for a bank locker?,NONE,State this information is not available in the documents - do not guess or use general knowledge,y,
G40,not_in_document,compliance_officer,What are the prepayment charges on a home loan?,NONE,State this information is not available in the documents even for the most senior role - do not guess,y,
G41,easy_lookup,branch_officer,What is the processing fee for an auto loan?,POL-004,State 0.50% of loan amount plus GST capped at Rs 7500 plus GST,y,
G42,easy_lookup,branch_officer,Can a family member submit my KYC update documents on my behalf?,CHAT-002,State a family member can drop off documents but the customer must complete verification in person at the branch,y,
G43,easy_lookup,credit_manager,What loan-to-value is allowed for an auto loan applicant with a credit score of 760?,POL-005,State up to 80% since score is 750 or above,y,
G44,easy_lookup,compliance_officer,What approval is required to open an account for a politically exposed person?,POL-008,State prior approval from Regional Compliance Office required (current policy v2),y,
G45,cross_document,branch_officer,A customer's builder is asking for a fee before showing me any bank receipt to process an auto loan. Is that normal?,POL-011;CALL-006,Explain DSAs are not permitted to collect any fee from customers this should be reported as a policy breach,y,
G46,cross_document,credit_manager,Why does the auto loan brochure say 7 years but I was told 60 months is the limit?,POL-004;POL-005;CHAT-005,Explain the brochure predates current credit guidelines credit guidelines (60 months) govern and no exceptions are allowed,y,
G47,refusal_permission,branch_officer,What is Farida Sheikh's or Anil Bhosale's income and credit score for their loan applications?,NONE,Refuse - this is Credit-Confidential customer financial information not accessible to branch_officer role,y,
G48,easy_lookup,credit_manager,Who can approve a rate concession above 25 basis points on an auto loan?,POL-005,State only the Zonal Credit Committee can approve concessions beyond 25 basis points,y,
G49,conflict,compliance_officer,What is the rapid pass-through alert window for suspicious debit activity?,POL-010;POL-012,Flag conflict between v1 (72 hours) and v2 (48 hours) prefer v2 as current since 15 May 2026,y,
G50,not_in_document,credit_manager,What is the loan-to-value ratio available for an education loan?,NONE,State this information is not available in the documents - the bank's product set here does not include an education loan policy,y,